Workbook

Sheet Dashboard
A2: HIMIG HIRAYA - ATTENDANCE DASHBOARD
A3: Himig bunga ng Pag-asa, Pangarap at Hangarin | Overview & Performance Metrics
A5: ACTIVE MEMBERS | C5: TOTAL ATTENDANCE LOGS | E5: TOTAL PRESENT | G5: TOTAL ABSENT | I5: OVERALL ATTENDANCE RATE
A6: =COUNTA('Member Directory'!A6:A15) | C6: =COUNTA('Attendance Logs'!A6:A25) | E6: =COUNTIF('Attendance Logs'!E6:E25, "Present") | G6: =COUNTIF('Attendance Logs'!E6:E25, "Absent") | I6: =E6/C6
A10: Attendance Summary by Voice Section
A11: Voice Section | B11: Total Logs | C11: Present Count | D11: Absent Count | E11: Attendance Rate
A12: Soprano | B12: =COUNTIF('Attendance Logs'!D$6:D$25, "Soprano") | C12: =COUNTIFS('Attendance Logs'!D$6:D$25, "Soprano", 'Attendance Logs'!E$6:E$25, "Present") | D12: =COUNTIFS('Attendance Logs'!D$6:D$25, "Soprano", 'Attendance Logs'!E$6:E$25, "Absent") | E12: =C12/B12
A13: Alto | B13: =COUNTIF('Attendance Logs'!D$6:D$25, "Alto") | C13: =COUNTIFS('Attendance Logs'!D$6:D$25, "Alto", 'Attendance Logs'!E$6:E$25, "Present") | D13: =COUNTIFS('Attendance Logs'!D$6:D$25, "Alto", 'Attendance Logs'!E$6:E$25, "Absent") | E13: =C13/B13
A14: Tenor | B14: =COUNTIF('Attendance Logs'!D$6:D$25, "Tenor") | C14: =COUNTIFS('Attendance Logs'!D$6:D$25, "Tenor", 'Attendance Logs'!E$6:E$25, "Present") | D14: =COUNTIFS('Attendance Logs'!D$6:D$25, "Tenor", 'Attendance Logs'!E$6:E$25, "Absent") | E14: =C14/B14
A15: Bass | B15: =COUNTIF('Attendance Logs'!D$6:D$25, "Bass") | C15: =COUNTIFS('Attendance Logs'!D$6:D$25, "Bass", 'Attendance Logs'!E$6:E$25, "Present") | D15: =COUNTIFS('Attendance Logs'!D$6:D$25, "Bass", 'Attendance Logs'!E$6:E$25, "Absent") | E15: =C15/B15
A16: Total / Average | B16: =SUM(B12:B15) | C16: =SUM(C12:C15) | D16: =SUM(D12:D15) | E16: =C16/B16

Sheet Attendance Logs
A2: HIMIG HIRAYA - ATTENDANCE LOGS
A3: Official Rehearsal & Event Attendance Records
A5: Log ID | B5: Date | C5: Full Name | D5: Voice Section | E5: Status | F5: Time Submitted | G5: Remarks
A6: LOG-1001 | B6: 2026-08-01 | C6: Maria Santos | D6: Soprano | E6: Present | F6: 06:45 PM | G6: On Time
A7: LOG-1002 | B7: 2026-08-01 | C7: Juan Dela Cruz | D7: Tenor | E7: Present | F7: 06:50 PM | G7: On Time
A8: LOG-1003 | B8: 2026-08-01 | C8: Angelica Reyes | D8: Alto | E8: Present | F8: 06:52 PM | G8: On Time
A9: LOG-1004 | B9: 2026-08-01 | C9: Mark Anthony Bautista | D9: Bass | E9: Absent | F9: - | G9: Work Conflict
A10: LOG-1005 | B10: 2026-08-01 | C10: Sofia Garcia | D10: Soprano | E10: Present | F10: 06:58 PM | G10: On Time
A11: LOG-1006 | B11: 2026-08-01 | C11: Gabriel Mendoza | D11: Bass | E11: Present | F11: 07:05 PM | G11: Late
A12: LOG-1007 | B12: 2026-08-01 | C12: Bea Alonso | D12: Alto | E12: Present | F12: 06:40 PM | G12: On Time
A13: LOG-1008 | B13: 2026-08-01 | C13: Christian Ramos | D13: Tenor | E13: Absent | F13: - | G13: Sick Leave
A14: LOG-1009 | B14: 2026-08-01 | C14: Camille Cruz | D14: Soprano | E14: Present | F14: 06:48 PM | G14: On Time
A15: LOG-1010 | B15: 2026-08-01 | C15: Joshua Aquino | D15: Tenor | E15: Present | F15: 06:55 PM | G15: On Time
A16: LOG-1011 | B16: 2026-08-04 | C16: Maria Santos | D16: Soprano | E16: Present | F16: 06:42 PM | G16: On Time
... A25: LOG-1020 | B25: 2026-08-04 | C25: Joshua Aquino | D25: Tenor | E25: Absent | F25: - | G25: Academic Exam

Sheet Member Directory
A2: HIMIG HIRAYA - MEMBER DIRECTORY
A3: Registered Choir Members & Roster Details
A5: Member ID | B5: Full Name | C5: Voice Section | D5: Contact Email | E5: Date Joined | F5: Status
A6: HH-001 | B6: Maria Santos | C6: Soprano | D6: maria.santos@gmail.com | E6: 2023-01-15 | F6: Active
A7: HH-002 | B7: Juan Dela Cruz | C7: Tenor | D7: juan.delacruz@gmail.com | E7: 2023-01-15 | F7: Active
A8: HH-003 | B8: Angelica Reyes | C8: Alto | D8: angelica.reyes@gmail.com | E8: 2023-02-10 | F8: Active
A9: HH-004 | B9: Mark Anthony Bautista | C9: Bass | D9: mark.bautista@gmail.com | E9: 2023-02-10 | F9: Active
A10: HH-005 | B10: Sofia Garcia | C10: Soprano | D10: sofia.garcia@gmail.com | E10: 2023-05-20 | F10: Active
A11: HH-006 | B11: Gabriel Mendoza | C11: Bass | D11: gabriel.mendoza@gmail.com | E11: 2023-06-01 | F11: Active
A12: HH-007 | B12: Bea Alonso | C12: Alto | D12: bea.alonso@gmail.com | E12: 2023-08-14 | F12: Active
A13: HH-008 | B13: Christian Ramos | C13: Tenor | D13: christian.ramos@gmail.com | E13: 2023-09-01 | F13: Active
A14: HH-009 | B14: Camille Cruz | C14: Soprano | D14: camille.cruz@gmail.com | E14: 2024-01-10 | F14: Active
A15: HH-010 | B15: Joshua Aquino | C15: Tenor | D15: joshua.aquino@gmail.com | E15: 2024-02-15 | F15: Active
